student,class_link,academic_year,enrollment_date,status
140001,53spjlc3qk,2023-2025,2023-04-03,Left
140002,53spjlc3qk,2023-2025,2023-04-03,Left
140003,53spjlc3qk,2023-2025,2023-04-03,Left
140004,53spjlc3qk,2023-2025,2023-04-03,Left
140005,53spjlc3qk,2023-2025,2023-04-03,Left
140006,53spjlc3qk,2023-2025,2023-04-03,Left
140007,53spjlc3qk,2023-2025,2023-04-03,Left
140008,53spjlc3qk,2023-2025,2023-04-03,Left
140009,53spjlc3qk,2023-2025,2023-04-03,Left
140010,53spjlc3qk,2023-2025,2023-04-03,Left
140011,53spjlc3qk,2023-2025,2023-04-03,Left
140012,53spjlc3qk,2023-2025,2023-04-03,Left
140013,53spjlc3qk,2023-2025,2023-04-03,Left
140014,53spjlc3qk,2023-2025,2023-04-03,Left
140015,53spjlc3qk,2023-2025,2023-04-03,Left
140016,53spjlc3qk,2023-2025,2023-04-03,Left
140017,53spjlc3qk,2023-2025,2023-04-03,Left
140018,53spjlc3qk,2023-2025,2023-04-03,Left
140019,53spjlc3qk,2023-2025,2023-04-03,Left
140020,53spjlc3qk,2023-2025,2023-04-03,Left
140021,53spjlc3qk,2023-2025,2023-04-03,Left
140022,53spjlc3qk,2023-2025,2023-04-03,Left
140023,53spjlc3qk,2023-2025,2023-04-03,Left
140024,53spjlc3qk,2023-2025,2023-04-03,Left
140025,53spjlc3qk,2023-2025,2023-04-03,Left
140026,53spjlc3qk,2023-2025,2023-04-03,Left
140027,53spjlc3qk,2023-2025,2023-04-03,Left
140028,53spjlc3qk,2023-2025,2023-04-03,Left
140029,53spjlc3qk,2023-2025,2023-04-03,Left
140030,53spjlc3qk,2023-2025,2023-04-03,Left
140031,53spjlc3qk,2023-2025,2023-04-03,Left
140032,53spjlc3qk,2023-2025,2023-04-03,Left
140033,53spjlc3qk,2023-2025,2023-04-03,Left
140034,53spjlc3qk,2023-2025,2023-04-03,Left
140035,53spjlc3qk,2023-2025,2023-04-03,Left
140036,53spjlc3qk,2023-2025,2023-04-03,Left
140037,53spjlc3qk,2023-2025,2023-04-03,Left
140038,53spjlc3qk,2023-2025,2023-04-03,Left
140039,53spjlc3qk,2023-2025,2023-04-03,Left
140040,53spjlc3qk,2023-2025,2023-04-03,Left
140041,53spjlc3qk,2023-2025,2023-04-03,Left
140042,53spjlc3qk,2023-2025,2023-04-03,Left
140043,53spjlc3qk,2023-2025,2023-04-03,Left
140044,53spjlc3qk,2023-2025,2023-04-03,Left
140045,53spjlc3qk,2023-2025,2023-04-03,Left
140046,53spjlc3qk,2023-2025,2023-04-03,Left
140047,53spjlc3qk,2023-2025,2023-04-03,Left
140048,53spjlc3qk,2023-2025,2023-04-03,Left
140049,53spjlc3qk,2023-2025,2023-04-03,Left
140050,53spjlc3qk,2023-2025,2023-04-03,Left
140051,53spjlc3qk,2023-2025,2023-04-03,Left
140052,53spjlc3qk,2023-2025,2023-04-03,Left
140053,53spjlc3qk,2023-2025,2023-04-03,Left
140054,53spjlc3qk,2023-2025,2023-04-03,Left
140055,53spjlc3qk,2023-2025,2023-04-03,Left
140056,53spjlc3qk,2023-2025,2023-04-03,Left
140057,53spjlc3qk,2023-2025,2023-04-03,Left
140058,53spjlc3qk,2023-2025,2023-04-03,Left
140059,53spjlc3qk,2023-2025,2023-04-03,Left
140060,53spjlc3qk,2023-2025,2023-04-03,Left
140061,53spjlc3qk,2023-2025,2023-04-03,Left
140062,53spjlc3qk,2023-2025,2023-04-03,Left
140063,53spjlc3qk,2023-2025,2023-04-03,Left
140064,53spjlc3qk,2023-2025,2023-04-03,Left
140065,53spjlc3qk,2023-2025,2023-04-03,Left
140066,53spjlc3qk,2023-2025,2023-04-03,Left
140067,53spjlc3qk,2023-2025,2023-04-03,Left
140068,53spjlc3qk,2023-2025,2023-04-03,Left
140069,53spjlc3qk,2023-2025,2023-04-03,Left
140070,53spjlc3qk,2023-2025,2023-04-03,Left
140071,53spjlc3qk,2023-2025,2023-04-03,Left
140072,53spjlc3qk,2023-2025,2023-04-03,Left
140073,53spjlc3qk,2023-2025,2023-04-03,Left
140074,53spjlc3qk,2023-2025,2023-04-03,Left
140075,53spjlc3qk,2023-2025,2023-04-03,Left
140076,53spjlc3qk,2023-2025,2023-04-03,Left
140077,53spjlc3qk,2023-2025,2023-04-03,Left
140078,53spjlc3qk,2023-2025,2023-04-03,Left
140079,53spjlc3qk,2023-2025,2023-04-03,Left
140080,53spjlc3qk,2023-2025,2023-04-03,Left
140081,53spjlc3qk,2023-2025,2023-04-03,Left
140082,53spjlc3qk,2023-2025,2023-04-03,Left
140083,53spjlc3qk,2023-2025,2023-04-03,Left
140084,53spjlc3qk,2023-2025,2023-04-03,Left
140085,53spjlc3qk,2023-2025,2023-04-03,Left
140086,53spjlc3qk,2023-2025,2023-04-03,Left
140087,53spjlc3qk,2023-2025,2023-04-03,Left
140088,53spjlc3qk,2023-2025,2023-04-03,Left
140089,53spjlc3qk,2023-2025,2023-04-03,Left
140090,53spjlc3qk,2023-2025,2023-04-03,Left
140091,53spjlc3qk,2023-2025,2023-04-03,Left
140092,53spjlc3qk,2023-2025,2023-04-03,Left
140093,53spjlc3qk,2023-2025,2023-04-03,Left
140094,53spjlc3qk,2023-2025,2023-04-03,Left
140095,53spjlc3qk,2023-2025,2023-04-03,Left
140096,53spjlc3qk,2023-2025,2023-04-03,Left
140097,53spjlc3qk,2023-2025,2023-04-03,Left
140098,53spjlc3qk,2023-2025,2023-04-03,Left
140099,53spjlc3qk,2023-2025,2023-04-03,Left
140100,53spjlc3qk,2023-2025,2023-04-03,Left
140101,53spjlc3qk,2023-2025,2023-04-03,Left
140102,53spjlc3qk,2023-2025,2023-04-03,Left
140103,53spjlc3qk,2023-2025,2023-04-03,Left
140104,53spjlc3qk,2023-2025,2023-04-03,Left
140105,53spjlc3qk,2023-2025,2023-04-03,Left
140106,53spjlc3qk,2023-2025,2023-04-03,Left
140107,53spjlc3qk,2023-2025,2023-04-03,Left
140108,53spjlc3qk,2023-2025,2023-04-03,Left
140109,53spjlc3qk,2023-2025,2023-04-03,Left
140110,53spjlc3qk,2023-2025,2023-04-03,Left
140111,53spjlc3qk,2023-2025,2023-04-03,Left
140112,53spjlc3qk,2023-2025,2023-04-03,Left
140113,53spjlc3qk,2023-2025,2023-04-03,Left
140114,53spjlc3qk,2023-2025,2023-04-03,Left
140115,53spjlc3qk,2023-2025,2023-04-03,Left
140116,53spjlc3qk,2023-2025,2023-04-03,Left
140117,53spjlc3qk,2023-2025,2023-04-03,Left
140118,53spjlc3qk,2023-2025,2023-04-03,Left
140119,53spjlc3qk,2023-2025,2023-04-03,Left
140120,53spjlc3qk,2023-2025,2023-04-03,Left
140121,53spjlc3qk,2023-2025,2023-04-03,Left
140122,53spjlc3qk,2023-2025,2023-04-03,Left
140123,53spjlc3qk,2023-2025,2023-04-03,Left
140124,53spjlc3qk,2023-2025,2023-04-03,Left
140125,53spjlc3qk,2023-2025,2023-04-03,Left
140126,53spjlc3qk,2023-2025,2023-04-03,Left
140127,53spjlc3qk,2023-2025,2023-04-03,Left
140128,53spjlc3qk,2023-2025,2023-04-03,Left
140129,53spjlc3qk,2023-2025,2023-04-03,Left
140130,53spjlc3qk,2023-2025,2023-04-03,Left
140131,53spjlc3qk,2023-2025,2023-04-03,Left
140132,53spjlc3qk,2023-2025,2023-04-03,Left
140133,53spjlc3qk,2023-2025,2023-04-03,Left
140134,53spjlc3qk,2023-2025,2023-04-03,Left
140135,53spjlc3qk,2023-2025,2023-04-03,Left
140136,53spjlc3qk,2023-2025,2023-04-03,Left
140137,53spjlc3qk,2023-2025,2023-04-03,Left
140138,53spjlc3qk,2023-2025,2023-04-03,Left
140139,53spjlc3qk,2023-2025,2023-04-03,Left
140140,53spjlc3qk,2023-2025,2023-04-03,Left
140141,53spjlc3qk,2023-2025,2023-04-03,Left
140142,53spjlc3qk,2023-2025,2023-04-03,Left
140143,53spjlc3qk,2023-2025,2023-04-03,Left
140144,53spjlc3qk,2023-2025,2023-04-03,Left
140145,53spjlc3qk,2023-2025,2023-04-03,Left
140146,53spjlc3qk,2023-2025,2023-04-03,Left
140147,53spjlc3qk,2023-2025,2023-04-03,Left
140148,53spjlc3qk,2023-2025,2023-04-03,Left
140149,53spjlc3qk,2023-2025,2023-04-03,Left
140150,53spjlc3qk,2023-2025,2023-04-03,Left
140151,53spjlc3qk,2023-2025,2023-04-03,Left
140152,53spjlc3qk,2023-2025,2023-04-03,Left
140153,53spjlc3qk,2023-2025,2023-04-03,Left
140154,53spjlc3qk,2023-2025,2023-04-03,Left
140155,53spjlc3qk,2023-2025,2023-04-03,Left
140156,53spjlc3qk,2023-2025,2023-04-03,Left
140157,53spjlc3qk,2023-2025,2023-04-03,Left
140158,53spjlc3qk,2023-2025,2023-04-03,Left
140159,53spjlc3qk,2023-2025,2023-04-03,Left
140160,53spjlc3qk,2023-2025,2023-04-03,Left
140161,53spjlc3qk,2023-2025,2023-04-03,Left
140162,53spjlc3qk,2023-2025,2023-04-03,Left
140163,53spjlc3qk,2023-2025,2023-04-03,Left
140164,53spjlc3qk,2023-2025,2023-04-03,Left
140165,53spjlc3qk,2023-2025,2023-04-03,Left
140166,53spjlc3qk,2023-2025,2023-04-03,Left
140167,53spjlc3qk,2023-2025,2023-04-03,Left
140168,53spjlc3qk,2023-2025,2023-04-03,Left
140169,53spjlc3qk,2023-2025,2023-04-03,Left
140170,53spjlc3qk,2023-2025,2023-04-03,Left
140171,53spjlc3qk,2023-2025,2023-04-03,Left
140172,53spjlc3qk,2023-2025,2023-04-03,Left
140173,53spjlc3qk,2023-2025,2023-04-03,Left
140174,53spjlc3qk,2023-2025,2023-04-03,Left
140175,53spjlc3qk,2023-2025,2023-04-03,Left
140176,53spjlc3qk,2023-2025,2023-04-03,Left
140177,53spjlc3qk,2023-2025,2023-04-03,Left
140178,53spjlc3qk,2023-2025,2023-04-03,Left
140179,53spjlc3qk,2023-2025,2023-04-03,Left
140180,53spjlc3qk,2023-2025,2023-04-03,Left
140181,53spjlc3qk,2023-2025,2023-04-03,Left
140182,53spjlc3qk,2023-2025,2023-04-03,Left
140183,53spjlc3qk,2023-2025,2023-04-03,Left
140184,53spjlc3qk,2023-2025,2023-04-03,Left
140185,53spjlc3qk,2023-2025,2023-04-03,Left
140186,53spjlc3qk,2023-2025,2023-04-03,Left
140187,53spjlc3qk,2023-2025,2023-04-03,Left
140188,53spjlc3qk,2023-2025,2023-04-03,Left
140189,53spjlc3qk,2023-2025,2023-04-03,Left
140190,53spjlc3qk,2023-2025,2023-04-03,Left
140191,53spjlc3qk,2023-2025,2023-04-03,Left
140192,53spjlc3qk,2023-2025,2023-04-03,Left
140193,53spjlc3qk,2023-2025,2023-04-03,Left
140194,53spjlc3qk,2023-2025,2023-04-03,Left
140195,53spjlc3qk,2023-2025,2023-04-03,Left
140196,53spjlc3qk,2023-2025,2023-04-03,Left
140197,53spjlc3qk,2023-2025,2023-04-03,Left
140198,53spjlc3qk,2023-2025,2023-04-03,Left
140199,53spjlc3qk,2023-2025,2023-04-03,Left
140200,53spjlc3qk,2023-2025,2023-04-03,Left
140201,53spjlc3qk,2023-2025,2023-04-03,Left
140202,53spjlc3qk,2023-2025,2023-04-03,Left
140203,53spjlc3qk,2023-2025,2023-04-03,Left
140204,53spjlc3qk,2023-2025,2023-04-03,Left
140205,53spjlc3qk,2023-2025,2023-04-03,Left
140206,53spjlc3qk,2023-2025,2023-04-03,Left
140207,53spjlc3qk,2023-2025,2023-04-03,Left
140208,53spjlc3qk,2023-2025,2023-04-03,Left
140209,53spjlc3qk,2023-2025,2023-04-03,Left
140210,53spjlc3qk,2023-2025,2023-04-03,Left
140211,53spjlc3qk,2023-2025,2023-04-03,Left
140212,53spjlc3qk,2023-2025,2023-04-03,Left
140213,53spjlc3qk,2023-2025,2023-04-03,Left
140214,53spjlc3qk,2023-2025,2023-04-03,Left
140215,53spjlc3qk,2023-2025,2023-04-03,Left
140216,53spjlc3qk,2023-2025,2023-04-03,Left
140217,53spjlc3qk,2023-2025,2023-04-03,Left
140218,53spjlc3qk,2023-2025,2023-04-03,Left
140219,53spjlc3qk,2023-2025,2023-04-03,Left
140220,53spjlc3qk,2023-2025,2023-04-03,Left
140221,62f49hbivv,2023-2025,2023-04-03,Left
140222,62f49hbivv,2023-2025,2023-04-03,Left
140223,62f49hbivv,2023-2025,2023-04-03,Left
140224,62f49hbivv,2023-2025,2023-04-03,Left
140225,62f49hbivv,2023-2025,2023-04-03,Left
140226,62f49hbivv,2023-2025,2023-04-03,Left
140227,62f49hbivv,2023-2025,2023-04-03,Left
140228,62f49hbivv,2023-2025,2023-04-03,Left
140229,62f49hbivv,2023-2025,2023-04-03,Left
140230,62f49hbivv,2023-2025,2023-04-03,Left
140231,62f49hbivv,2023-2025,2023-04-03,Left
140232,62f49hbivv,2023-2025,2023-04-03,Left
140233,62f49hbivv,2023-2025,2023-04-03,Left
140234,62f49hbivv,2023-2025,2023-04-03,Left
140235,62f49hbivv,2023-2025,2023-04-03,Left
140236,62f49hbivv,2023-2025,2023-04-03,Left
140237,62f49hbivv,2023-2025,2023-04-03,Left
140238,62f49hbivv,2023-2025,2023-04-03,Left
140239,62f49hbivv,2023-2025,2023-04-03,Left
140240,62f49hbivv,2023-2025,2023-04-03,Left
140241,62f49hbivv,2023-2025,2023-04-03,Left
140242,62f49hbivv,2023-2025,2023-04-03,Left
140243,62f49hbivv,2023-2025,2023-04-03,Left
140244,62f49hbivv,2023-2025,2023-04-03,Left
140245,62f49hbivv,2023-2025,2023-04-03,Left
140246,62f49hbivv,2023-2025,2023-04-03,Left
140247,62f49hbivv,2023-2025,2023-04-03,Left
140248,62f49hbivv,2023-2025,2023-04-03,Left
140249,62f49hbivv,2023-2025,2023-04-03,Left
140250,62f49hbivv,2023-2025,2023-04-03,Left
140251,62f49hbivv,2023-2025,2023-04-03,Left
140252,62f49hbivv,2023-2025,2023-04-03,Left
140253,62f49hbivv,2023-2025,2023-04-03,Left
140254,62f49hbivv,2023-2025,2023-04-03,Left
140255,62f49hbivv,2023-2025,2023-04-03,Left
140256,62f49hbivv,2023-2025,2023-04-03,Left
140257,62f49hbivv,2023-2025,2023-04-03,Left
140258,62f49hbivv,2023-2025,2023-04-03,Left
140259,62f49hbivv,2023-2025,2023-04-03,Left
140260,62f49hbivv,2023-2025,2023-04-03,Left
140261,62f49hbivv,2023-2025,2023-04-03,Left
140262,62f49hbivv,2023-2025,2023-04-03,Left
140263,62f49hbivv,2023-2025,2023-04-03,Left
140264,62f49hbivv,2023-2025,2023-04-03,Left
140265,62f49hbivv,2023-2025,2023-04-03,Left
140266,62f49hbivv,2023-2025,2023-04-03,Left
140267,62f49hbivv,2023-2025,2023-04-03,Left
140268,62f49hbivv,2023-2025,2023-04-03,Left
140269,62f49hbivv,2023-2025,2023-04-03,Left
140270,62f49hbivv,2023-2025,2023-04-03,Left
140271,62f49hbivv,2023-2025,2023-04-03,Left
140272,62f49hbivv,2023-2025,2023-04-03,Left
140273,62f49hbivv,2023-2025,2023-04-03,Left
140274,62f49hbivv,2023-2025,2023-04-03,Left
140275,62f49hbivv,2023-2025,2023-04-03,Left
140276,62f49hbivv,2023-2025,2023-04-03,Left
140277,62f49hbivv,2023-2025,2023-04-03,Left
140278,62f49hbivv,2023-2025,2023-04-03,Left
140279,62f49hbivv,2023-2025,2023-04-03,Left
140280,62f49hbivv,2023-2025,2023-04-03,Left
140281,62f49hbivv,2023-2025,2023-04-03,Left
140282,62f49hbivv,2023-2025,2023-04-03,Left
140283,62f49hbivv,2023-2025,2023-04-03,Left
140284,62f49hbivv,2023-2025,2023-04-03,Left
140285,62f49hbivv,2023-2025,2023-04-03,Left
140286,62f49hbivv,2023-2025,2023-04-03,Left
140287,62f49hbivv,2023-2025,2023-04-03,Left
140288,62f49hbivv,2023-2025,2023-04-03,Left
140289,62f49hbivv,2023-2025,2023-04-03,Left
140290,62f49hbivv,2023-2025,2023-04-03,Left
140291,62f49hbivv,2023-2025,2023-04-03,Left
140292,62f49hbivv,2023-2025,2023-04-03,Left
140293,62f49hbivv,2023-2025,2023-04-03,Left
140294,62f49hbivv,2023-2025,2023-04-03,Left
140295,62f49hbivv,2023-2025,2023-04-03,Left
140296,62f49hbivv,2023-2025,2023-04-03,Left
140297,62f49hbivv,2023-2025,2023-04-03,Left
140298,62f49hbivv,2023-2025,2023-04-03,Left
140299,62f49hbivv,2023-2025,2023-04-03,Left
140300,62f49hbivv,2023-2025,2023-04-03,Left
140301,62f49hbivv,2023-2025,2023-04-03,Left
140302,62f49hbivv,2023-2025,2023-04-03,Left
140303,62f49hbivv,2023-2025,2023-04-03,Left
140304,62f49hbivv,2023-2025,2023-04-03,Left
140305,62f49hbivv,2023-2025,2023-04-03,Left
140306,62f49hbivv,2023-2025,2023-04-03,Left
140307,62f49hbivv,2023-2025,2023-04-03,Left
140308,62f49hbivv,2023-2025,2023-04-03,Left
140309,62f49hbivv,2023-2025,2023-04-03,Left
140310,62f49hbivv,2023-2025,2023-04-03,Left
140311,62f49hbivv,2023-2025,2023-04-03,Left
140312,62f49hbivv,2023-2025,2023-04-03,Left
140313,62f49hbivv,2023-2025,2023-04-03,Left
140314,62f49hbivv,2023-2025,2023-04-03,Left
140315,62f49hbivv,2023-2025,2023-04-03,Left
140316,62f49hbivv,2023-2025,2023-04-03,Left
140317,62f49hbivv,2023-2025,2023-04-03,Left
140318,62f49hbivv,2023-2025,2023-04-03,Left
140319,62f49hbivv,2023-2025,2023-04-03,Left
140320,62f49hbivv,2023-2025,2023-04-03,Left
140321,62f49hbivv,2023-2025,2023-04-03,Left
140322,62f49hbivv,2023-2025,2023-04-03,Left
140323,62f49hbivv,2023-2025,2023-04-03,Left
140324,62f49hbivv,2023-2025,2023-04-03,Left
140325,62f49hbivv,2023-2025,2023-04-03,Left
140326,62f49hbivv,2023-2025,2023-04-03,Left
140327,62f49hbivv,2023-2025,2023-04-03,Left
140328,62f49hbivv,2023-2025,2023-04-03,Left
140329,62f49hbivv,2023-2025,2023-04-03,Left
140330,62f49hbivv,2023-2025,2023-04-03,Left
140331,62f49hbivv,2023-2025,2023-04-03,Left
140332,62f49hbivv,2023-2025,2023-04-03,Left
140333,62f49hbivv,2023-2025,2023-04-03,Left
140334,62f49hbivv,2023-2025,2023-04-03,Left
140335,62f49hbivv,2023-2025,2023-04-03,Left
140336,62f49hbivv,2023-2025,2023-04-03,Left
140337,62f49hbivv,2023-2025,2023-04-03,Left
140338,62f49hbivv,2023-2025,2023-04-03,Left
140339,62f49hbivv,2023-2025,2023-04-03,Left
140340,62f49hbivv,2023-2025,2023-04-03,Left
140341,62f49hbivv,2023-2025,2023-04-03,Left
140342,62f49hbivv,2023-2025,2023-04-03,Left
140343,62f49hbivv,2023-2025,2023-04-03,Left
140344,62f49hbivv,2023-2025,2023-04-03,Left
140345,62f49hbivv,2023-2025,2023-04-03,Left
140346,62f49hbivv,2023-2025,2023-04-03,Left
140347,62f49hbivv,2023-2025,2023-04-03,Left
140348,62f49hbivv,2023-2025,2023-04-03,Left
140349,62f49hbivv,2023-2025,2023-04-03,Left
140350,62f49hbivv,2023-2025,2023-04-03,Left
140351,62f49hbivv,2023-2025,2023-04-03,Left
140352,62f49hbivv,2023-2025,2023-04-03,Left
140353,62f49hbivv,2023-2025,2023-04-03,Left
140354,62f49hbivv,2023-2025,2023-04-03,Left
140355,62f49hbivv,2023-2025,2023-04-03,Left
140356,62f49hbivv,2023-2025,2023-04-03,Left
140357,62f49hbivv,2023-2025,2023-04-03,Left
140358,62f49hbivv,2023-2025,2023-04-03,Left
140359,62f49hbivv,2023-2025,2023-04-03,Left
140360,62f49hbivv,2023-2025,2023-04-03,Left
140361,62f49hbivv,2023-2025,2023-04-03,Left
140362,62f49hbivv,2023-2025,2023-04-03,Left
140363,62f49hbivv,2023-2025,2023-04-03,Left
140364,62f49hbivv,2023-2025,2023-04-03,Left
140365,62f49hbivv,2023-2025,2023-04-03,Left
140366,62f49hbivv,2023-2025,2023-04-03,Left
140367,62f49hbivv,2023-2025,2023-04-03,Left
140368,62f49hbivv,2023-2025,2023-04-03,Left
140369,62f49hbivv,2023-2025,2023-04-03,Left
140370,62f49hbivv,2023-2025,2023-04-03,Left
140371,62f49hbivv,2023-2025,2023-04-03,Left
140372,62f49hbivv,2023-2025,2023-04-03,Left
140373,62f49hbivv,2023-2025,2023-04-03,Left
140374,62f49hbivv,2023-2025,2023-04-03,Left
140375,62f49hbivv,2023-2025,2023-04-03,Left
140376,62f49hbivv,2023-2025,2023-04-03,Left
140377,62f49hbivv,2023-2025,2023-04-03,Left
140378,62f49hbivv,2023-2025,2023-04-03,Left
140379,62f49hbivv,2023-2025,2023-04-03,Left
140380,62f49hbivv,2023-2025,2023-04-03,Left
140381,62f49hbivv,2023-2025,2023-04-03,Left
140382,62f49hbivv,2023-2025,2023-04-03,Left
140383,62f49hbivv,2023-2025,2023-04-03,Left
140384,62f49hbivv,2023-2025,2023-04-03,Left
140385,62f49hbivv,2023-2025,2023-04-03,Left
140386,62f49hbivv,2023-2025,2023-04-03,Left
140387,62f49hbivv,2023-2025,2023-04-03,Left
140388,62f49hbivv,2023-2025,2023-04-03,Left
140389,62f49hbivv,2023-2025,2023-04-03,Left
140390,62f49hbivv,2023-2025,2023-04-03,Left
140391,62f49hbivv,2023-2025,2023-04-03,Left
140392,62f49hbivv,2023-2025,2023-04-03,Left
140393,62f49hbivv,2023-2025,2023-04-03,Left
140394,62f49hbivv,2023-2025,2023-04-03,Left
140395,62f49hbivv,2023-2025,2023-04-03,Left
140396,62f49hbivv,2023-2025,2023-04-03,Left
140397,62f49hbivv,2023-2025,2023-04-03,Left
140398,62f49hbivv,2023-2025,2023-04-03,Left
140399,62f49hbivv,2023-2025,2023-04-03,Left
140400,62f49hbivv,2023-2025,2023-04-03,Left
140401,62f49hbivv,2023-2025,2023-04-03,Left
140402,62f49hbivv,2023-2025,2023-04-03,Left
140403,62f49hbivv,2023-2025,2023-04-03,Left
140404,62f49hbivv,2023-2025,2023-04-03,Left
140405,62f49hbivv,2023-2025,2023-04-03,Left
140406,62f49hbivv,2023-2025,2023-04-03,Left
140407,62f49hbivv,2023-2025,2023-04-03,Left
140408,62f49hbivv,2023-2025,2023-04-03,Left
140409,62f49hbivv,2023-2025,2023-04-03,Left
140410,62f49hbivv,2023-2025,2023-04-03,Left
140411,62f49hbivv,2023-2025,2023-04-03,Left
140412,62f49hbivv,2023-2025,2023-04-03,Left
140413,62f49hbivv,2023-2025,2023-04-03,Left
140414,62f49hbivv,2023-2025,2023-04-03,Left
140415,62f49hbivv,2023-2025,2023-04-03,Left
140416,62f49hbivv,2023-2025,2023-04-03,Left
140417,62f49hbivv,2023-2025,2023-04-03,Left
140418,62f49hbivv,2023-2025,2023-04-03,Left
140419,62f49hbivv,2023-2025,2023-04-03,Left
140420,62f49hbivv,2023-2025,2023-04-03,Left
140421,62f49hbivv,2023-2025,2023-04-03,Left
140422,62f49hbivv,2023-2025,2023-04-03,Left
140423,62f49hbivv,2023-2025,2023-04-03,Left
140424,62f49hbivv,2023-2025,2023-04-03,Left
140425,62f49hbivv,2023-2025,2023-04-03,Left
140426,62f49hbivv,2023-2025,2023-04-03,Left
140427,62f49hbivv,2023-2025,2023-04-03,Left
140428,62f49hbivv,2023-2025,2023-04-03,Left
140429,62f49hbivv,2023-2025,2023-04-03,Left
140430,62f49hbivv,2023-2025,2023-04-03,Left
140431,62f49hbivv,2023-2025,2023-04-03,Left
140432,62f49hbivv,2023-2025,2023-04-03,Left
140433,62f49hbivv,2023-2025,2023-04-03,Left
140434,62f49hbivv,2023-2025,2023-04-03,Left
140435,62f49hbivv,2023-2025,2023-04-03,Left
140436,62f49hbivv,2023-2025,2023-04-03,Left
140437,62f49hbivv,2023-2025,2023-04-03,Left
140438,62f49hbivv,2023-2025,2023-04-03,Left
140439,62f49hbivv,2023-2025,2023-04-03,Left
140440,62f49hbivv,2023-2025,2023-04-03,Left
140441,6hlf1pn4gn,2023-2025,2023-04-03,Left
140442,6hlf1pn4gn,2023-2025,2023-04-03,Left
140443,6hlf1pn4gn,2023-2025,2023-04-03,Left
140444,6hlf1pn4gn,2023-2025,2023-04-03,Left
140445,6hlf1pn4gn,2023-2025,2023-04-03,Left
140446,6hlf1pn4gn,2023-2025,2023-04-03,Left
140447,6hlf1pn4gn,2023-2025,2023-04-03,Left
140448,6hlf1pn4gn,2023-2025,2023-04-03,Left
140449,6hlf1pn4gn,2023-2025,2023-04-03,Left
140450,6hlf1pn4gn,2023-2025,2023-04-03,Left
140451,6hlf1pn4gn,2023-2025,2023-04-03,Left
140452,6hlf1pn4gn,2023-2025,2023-04-03,Left
140453,6hlf1pn4gn,2023-2025,2023-04-03,Left
140454,6hlf1pn4gn,2023-2025,2023-04-03,Left
140455,6hlf1pn4gn,2023-2025,2023-04-03,Left
140456,6hlf1pn4gn,2023-2025,2023-04-03,Left
140457,6hlf1pn4gn,2023-2025,2023-04-03,Left
140458,6hlf1pn4gn,2023-2025,2023-04-03,Left
140459,6hlf1pn4gn,2023-2025,2023-04-03,Left
140460,6hlf1pn4gn,2023-2025,2023-04-03,Left
140461,6hlf1pn4gn,2023-2025,2023-04-03,Left
140462,6hlf1pn4gn,2023-2025,2023-04-03,Left
140463,6hlf1pn4gn,2023-2025,2023-04-03,Left
140464,6hlf1pn4gn,2023-2025,2023-04-03,Left
140465,6hlf1pn4gn,2023-2025,2023-04-03,Left
140466,6hlf1pn4gn,2023-2025,2023-04-03,Left
140467,6hlf1pn4gn,2023-2025,2023-04-03,Left
140468,6hlf1pn4gn,2023-2025,2023-04-03,Left
140469,6hlf1pn4gn,2023-2025,2023-04-03,Left
140470,6hlf1pn4gn,2023-2025,2023-04-03,Left
140471,6hlf1pn4gn,2023-2025,2023-04-03,Left
140472,6hlf1pn4gn,2023-2025,2023-04-03,Left
140473,6hlf1pn4gn,2023-2025,2023-04-03,Left
140474,6hlf1pn4gn,2023-2025,2023-04-03,Left
140475,6hlf1pn4gn,2023-2025,2023-04-03,Left
140476,6hlf1pn4gn,2023-2025,2023-04-03,Left
140477,6hlf1pn4gn,2023-2025,2023-04-03,Left
140478,6hlf1pn4gn,2023-2025,2023-04-03,Left
140479,6hlf1pn4gn,2023-2025,2023-04-03,Left
140480,6hlf1pn4gn,2023-2025,2023-04-03,Left
140481,6hlf1pn4gn,2023-2025,2023-04-03,Left
140482,6hlf1pn4gn,2023-2025,2023-04-03,Left
140483,6hlf1pn4gn,2023-2025,2023-04-03,Left
140484,6hlf1pn4gn,2023-2025,2023-04-03,Left
140485,6hlf1pn4gn,2023-2025,2023-04-03,Left
140486,6hlf1pn4gn,2023-2025,2023-04-03,Left
140487,6hlf1pn4gn,2023-2025,2023-04-03,Left
140488,6hlf1pn4gn,2023-2025,2023-04-03,Left
140489,6hlf1pn4gn,2023-2025,2023-04-03,Left
140490,6hlf1pn4gn,2023-2025,2023-04-03,Left
140491,6hlf1pn4gn,2023-2025,2023-04-03,Left
140492,6hlf1pn4gn,2023-2025,2023-04-03,Left
140493,6hlf1pn4gn,2023-2025,2023-04-03,Left
140494,6hlf1pn4gn,2023-2025,2023-04-03,Left
140495,6hlf1pn4gn,2023-2025,2023-04-03,Left
140496,6hlf1pn4gn,2023-2025,2023-04-03,Left
140497,6hlf1pn4gn,2023-2025,2023-04-03,Left
140498,6hlf1pn4gn,2023-2025,2023-04-03,Left
140499,6hlf1pn4gn,2023-2025,2023-04-03,Left
140500,6hlf1pn4gn,2023-2025,2023-04-03,Left
140501,6hlf1pn4gn,2023-2025,2023-04-03,Left
140502,6hlf1pn4gn,2023-2025,2023-04-03,Left
140503,6hlf1pn4gn,2023-2025,2023-04-03,Left
140504,6hlf1pn4gn,2023-2025,2023-04-03,Left
140505,6hlf1pn4gn,2023-2025,2023-04-03,Left
140506,6hlf1pn4gn,2023-2025,2023-04-03,Left
140507,6hlf1pn4gn,2023-2025,2023-04-03,Left
140508,6hlf1pn4gn,2023-2025,2023-04-03,Left
140509,6hlf1pn4gn,2023-2025,2023-04-03,Left
140510,6hlf1pn4gn,2023-2025,2023-04-03,Left
140511,6hlf1pn4gn,2023-2025,2023-04-03,Left
140512,6hlf1pn4gn,2023-2025,2023-04-03,Left
140513,6hlf1pn4gn,2023-2025,2023-04-03,Left
140514,6hlf1pn4gn,2023-2025,2023-04-03,Left
140515,6hlf1pn4gn,2023-2025,2023-04-03,Left
140516,6hlf1pn4gn,2023-2025,2023-04-03,Left
140517,6hlf1pn4gn,2023-2025,2023-04-03,Left
140518,6hlf1pn4gn,2023-2025,2023-04-03,Left
140519,6hlf1pn4gn,2023-2025,2023-04-03,Left
140520,6hlf1pn4gn,2023-2025,2023-04-03,Left
140521,6hlf1pn4gn,2023-2025,2023-04-03,Left
140522,6hlf1pn4gn,2023-2025,2023-04-03,Left
140523,6hlf1pn4gn,2023-2025,2023-04-03,Left
140524,6hlf1pn4gn,2023-2025,2023-04-03,Left
140525,6hlf1pn4gn,2023-2025,2023-04-03,Left
140526,6hlf1pn4gn,2023-2025,2023-04-03,Left
140527,6hlf1pn4gn,2023-2025,2023-04-03,Left
140528,6hlf1pn4gn,2023-2025,2023-04-03,Left
140529,6hlf1pn4gn,2023-2025,2023-04-03,Left
140530,6hlf1pn4gn,2023-2025,2023-04-03,Left
140531,6hlf1pn4gn,2023-2025,2023-04-03,Left
140532,6hlf1pn4gn,2023-2025,2023-04-03,Left
140533,6hlf1pn4gn,2023-2025,2023-04-03,Left
140534,6hlf1pn4gn,2023-2025,2023-04-03,Left
140535,6hlf1pn4gn,2023-2025,2023-04-03,Left
140536,6hlf1pn4gn,2023-2025,2023-04-03,Left
140537,6hlf1pn4gn,2023-2025,2023-04-03,Left
140538,6hlf1pn4gn,2023-2025,2023-04-03,Left
140539,6hlf1pn4gn,2023-2025,2023-04-03,Left
140540,6hlf1pn4gn,2023-2025,2023-04-03,Left
140541,6hlf1pn4gn,2023-2025,2023-04-03,Left
140542,6hlf1pn4gn,2023-2025,2023-04-03,Left
140543,6hlf1pn4gn,2023-2025,2023-04-03,Left
140544,6hlf1pn4gn,2023-2025,2023-04-03,Left
140545,6hlf1pn4gn,2023-2025,2023-04-03,Left
140546,6hlf1pn4gn,2023-2025,2023-04-03,Left
140547,6hlf1pn4gn,2023-2025,2023-04-03,Left
140548,6hlf1pn4gn,2023-2025,2023-04-03,Left
140549,6hlf1pn4gn,2023-2025,2023-04-03,Left
140550,6hlf1pn4gn,2023-2025,2023-04-03,Left
140551,6hlf1pn4gn,2023-2025,2023-04-03,Left
140552,6hlf1pn4gn,2023-2025,2023-04-03,Left
140553,6hlf1pn4gn,2023-2025,2023-04-03,Left
140554,6hlf1pn4gn,2023-2025,2023-04-03,Left
140555,6hlf1pn4gn,2023-2025,2023-04-03,Left
140556,6hlf1pn4gn,2023-2025,2023-04-03,Left
140557,6hlf1pn4gn,2023-2025,2023-04-03,Left
140558,6hlf1pn4gn,2023-2025,2023-04-03,Left
140559,6hlf1pn4gn,2023-2025,2023-04-03,Left
140560,6hlf1pn4gn,2023-2025,2023-04-03,Left
140561,6hlf1pn4gn,2023-2025,2023-04-03,Left
140562,6hlf1pn4gn,2023-2025,2023-04-03,Left
140563,6hlf1pn4gn,2023-2025,2023-04-03,Left
140564,6hlf1pn4gn,2023-2025,2023-04-03,Left
140565,6hlf1pn4gn,2023-2025,2023-04-03,Left
140566,6hlf1pn4gn,2023-2025,2023-04-03,Left
140567,6hlf1pn4gn,2023-2025,2023-04-03,Left
140568,6hlf1pn4gn,2023-2025,2023-04-03,Left
140569,6hlf1pn4gn,2023-2025,2023-04-03,Left
140570,6hlf1pn4gn,2023-2025,2023-04-03,Left
140571,6hlf1pn4gn,2023-2025,2023-04-03,Left
140572,6hlf1pn4gn,2023-2025,2023-04-03,Left
140573,6hlf1pn4gn,2023-2025,2023-04-03,Left
140574,6hlf1pn4gn,2023-2025,2023-04-03,Left
140575,6hlf1pn4gn,2023-2025,2023-04-03,Left
140576,6hlf1pn4gn,2023-2025,2023-04-03,Left
140577,6hlf1pn4gn,2023-2025,2023-04-03,Left
140578,6hlf1pn4gn,2023-2025,2023-04-03,Left
140579,6hlf1pn4gn,2023-2025,2023-04-03,Left
140580,6hlf1pn4gn,2023-2025,2023-04-03,Left
140581,6hlf1pn4gn,2023-2025,2023-04-03,Left
140582,6hlf1pn4gn,2023-2025,2023-04-03,Left
140583,6hlf1pn4gn,2023-2025,2023-04-03,Left
140584,6hlf1pn4gn,2023-2025,2023-04-03,Left
140585,6hlf1pn4gn,2023-2025,2023-04-03,Left
140586,6hlf1pn4gn,2023-2025,2023-04-03,Left
140587,6hlf1pn4gn,2023-2025,2023-04-03,Left
140588,6hlf1pn4gn,2023-2025,2023-04-03,Left
140589,6hlf1pn4gn,2023-2025,2023-04-03,Left
140590,6hlf1pn4gn,2023-2025,2023-04-03,Left
140591,6hlf1pn4gn,2023-2025,2023-04-03,Left
140592,6hlf1pn4gn,2023-2025,2023-04-03,Left
140593,6hlf1pn4gn,2023-2025,2023-04-03,Left
140594,6hlf1pn4gn,2023-2025,2023-04-03,Left
140595,6hlf1pn4gn,2023-2025,2023-04-03,Left
140596,6hlf1pn4gn,2023-2025,2023-04-03,Left
140597,6hlf1pn4gn,2023-2025,2023-04-03,Left
140598,6hlf1pn4gn,2023-2025,2023-04-03,Left
140599,6hlf1pn4gn,2023-2025,2023-04-03,Left
140600,6hlf1pn4gn,2023-2025,2023-04-03,Left
140601,6hlf1pn4gn,2023-2025,2023-04-03,Left
140602,6hlf1pn4gn,2023-2025,2023-04-03,Left
140603,6hlf1pn4gn,2023-2025,2023-04-03,Left
140604,6hlf1pn4gn,2023-2025,2023-04-03,Left
140605,6hlf1pn4gn,2023-2025,2023-04-03,Left
140606,6hlf1pn4gn,2023-2025,2023-04-03,Left
140607,6hlf1pn4gn,2023-2025,2023-04-03,Left
140608,6hlf1pn4gn,2023-2025,2023-04-03,Left
140609,6hlf1pn4gn,2023-2025,2023-04-03,Left
140610,6hlf1pn4gn,2023-2025,2023-04-03,Left
140611,6hlf1pn4gn,2023-2025,2023-04-03,Left
140612,6hlf1pn4gn,2023-2025,2023-04-03,Left
140613,6hlf1pn4gn,2023-2025,2023-04-03,Left
140614,6hlf1pn4gn,2023-2025,2023-04-03,Left
140615,6hlf1pn4gn,2023-2025,2023-04-03,Left
140616,6hlf1pn4gn,2023-2025,2023-04-03,Left
140617,6hlf1pn4gn,2023-2025,2023-04-03,Left
140618,6hlf1pn4gn,2023-2025,2023-04-03,Left
140619,6hlf1pn4gn,2023-2025,2023-04-03,Left
140620,6hlf1pn4gn,2023-2025,2023-04-03,Left
140621,6hlf1pn4gn,2023-2025,2023-04-03,Left
140622,6hlf1pn4gn,2023-2025,2023-04-03,Left
140623,6hlf1pn4gn,2023-2025,2023-04-03,Left
150001,584npgabu1,2024-2026,2024-04-01,Active
150002,584npgabu1,2024-2026,2024-04-01,Active
150003,584npgabu1,2024-2026,2024-04-01,Active
150004,584npgabu1,2024-2026,2024-04-01,Active
150005,584npgabu1,2024-2026,2024-04-01,Active
150006,584npgabu1,2024-2026,2024-04-01,Active
150007,584npgabu1,2024-2026,2024-04-01,Active
150008,584npgabu1,2024-2026,2024-04-01,Active
150009,584npgabu1,2024-2026,2024-04-01,Active
150010,584npgabu1,2024-2026,2024-04-01,Active
150011,584npgabu1,2024-2026,2024-04-01,Active
150012,584npgabu1,2024-2026,2024-04-01,Active
150013,584npgabu1,2024-2026,2024-04-01,Active
150014,584npgabu1,2024-2026,2024-04-01,Active
150015,584npgabu1,2024-2026,2024-04-01,Active
150016,584npgabu1,2024-2026,2024-04-01,Active
150017,584npgabu1,2024-2026,2024-04-01,Active
150018,584npgabu1,2024-2026,2024-04-01,Active
150019,584npgabu1,2024-2026,2024-04-01,Active
150020,584npgabu1,2024-2026,2024-04-01,Active
150021,584npgabu1,2024-2026,2024-04-01,Active
150022,584npgabu1,2024-2026,2024-04-01,Active
150023,584npgabu1,2024-2026,2024-04-01,Active
150024,584npgabu1,2024-2026,2024-04-01,Active
150025,584npgabu1,2024-2026,2024-04-01,Active
150026,584npgabu1,2024-2026,2024-04-01,Active
150027,584npgabu1,2024-2026,2024-04-01,Active
150028,584npgabu1,2024-2026,2024-04-01,Active
150029,584npgabu1,2024-2026,2024-04-01,Active
150030,584npgabu1,2024-2026,2024-04-01,Active
150031,584npgabu1,2024-2026,2024-04-01,Active
150032,584npgabu1,2024-2026,2024-04-01,Active
150033,584npgabu1,2024-2026,2024-04-01,Active
150034,584npgabu1,2024-2026,2024-04-01,Active
150035,584npgabu1,2024-2026,2024-04-01,Active
150036,584npgabu1,2024-2026,2024-04-01,Active
150037,584npgabu1,2024-2026,2024-04-01,Active
150038,584npgabu1,2024-2026,2024-04-01,Active
150039,584npgabu1,2024-2026,2024-04-01,Active
150040,584npgabu1,2024-2026,2024-04-01,Active
150041,584npgabu1,2024-2026,2024-04-01,Active
150042,584npgabu1,2024-2026,2024-04-01,Active
150043,584npgabu1,2024-2026,2024-04-01,Active
150044,584npgabu1,2024-2026,2024-04-01,Active
150045,584npgabu1,2024-2026,2024-04-01,Active
150046,584npgabu1,2024-2026,2024-04-01,Active
150047,584npgabu1,2024-2026,2024-04-01,Active
150048,584npgabu1,2024-2026,2024-04-01,Active
150049,584npgabu1,2024-2026,2024-04-01,Active
150050,584npgabu1,2024-2026,2024-04-01,Active
150051,584npgabu1,2024-2026,2024-04-01,Active
150052,584npgabu1,2024-2026,2024-04-01,Active
150053,584npgabu1,2024-2026,2024-04-01,Active
150054,584npgabu1,2024-2026,2024-04-01,Active
150055,584npgabu1,2024-2026,2024-04-01,Active
150056,584npgabu1,2024-2026,2024-04-01,Active
150057,584npgabu1,2024-2026,2024-04-01,Active
150058,584npgabu1,2024-2026,2024-04-01,Active
150059,584npgabu1,2024-2026,2024-04-01,Active
150060,584npgabu1,2024-2026,2024-04-01,Active
150061,584npgabu1,2024-2026,2024-04-01,Active
150062,584npgabu1,2024-2026,2024-04-01,Active
150063,584npgabu1,2024-2026,2024-04-01,Active
150064,584npgabu1,2024-2026,2024-04-01,Active
150065,584npgabu1,2024-2026,2024-04-01,Active
150066,584npgabu1,2024-2026,2024-04-01,Active
150067,584npgabu1,2024-2026,2024-04-01,Active
150068,584npgabu1,2024-2026,2024-04-01,Active
150069,584npgabu1,2024-2026,2024-04-01,Active
150070,584npgabu1,2024-2026,2024-04-01,Active
150071,584npgabu1,2024-2026,2024-04-01,Active
150072,584npgabu1,2024-2026,2024-04-01,Active
150073,584npgabu1,2024-2026,2024-04-01,Active
150074,584npgabu1,2024-2026,2024-04-01,Active
150075,584npgabu1,2024-2026,2024-04-01,Active
150076,584npgabu1,2024-2026,2024-04-01,Active
150077,584npgabu1,2024-2026,2024-04-01,Active
150078,584npgabu1,2024-2026,2024-04-01,Active
150079,584npgabu1,2024-2026,2024-04-01,Active
150080,584npgabu1,2024-2026,2024-04-01,Active
150081,584npgabu1,2024-2026,2024-04-01,Active
150082,584npgabu1,2024-2026,2024-04-01,Active
150083,584npgabu1,2024-2026,2024-04-01,Active
150084,584npgabu1,2024-2026,2024-04-01,Active
150085,584npgabu1,2024-2026,2024-04-01,Active
150086,584npgabu1,2024-2026,2024-04-01,Active
150087,584npgabu1,2024-2026,2024-04-01,Active
150088,584npgabu1,2024-2026,2024-04-01,Active
150089,584npgabu1,2024-2026,2024-04-01,Active
150090,584npgabu1,2024-2026,2024-04-01,Active
150091,584npgabu1,2024-2026,2024-04-01,Active
150092,584npgabu1,2024-2026,2024-04-01,Active
150093,584npgabu1,2024-2026,2024-04-01,Active
150094,584npgabu1,2024-2026,2024-04-01,Active
150095,584npgabu1,2024-2026,2024-04-01,Active
150096,584npgabu1,2024-2026,2024-04-01,Active
150097,584npgabu1,2024-2026,2024-04-01,Active
150098,584npgabu1,2024-2026,2024-04-01,Active
150099,584npgabu1,2024-2026,2024-04-01,Active
150100,584npgabu1,2024-2026,2024-04-01,Active
150101,584npgabu1,2024-2026,2024-04-01,Active
150102,584npgabu1,2024-2026,2024-04-01,Active
150103,584npgabu1,2024-2026,2024-04-01,Active
150104,584npgabu1,2024-2026,2024-04-01,Active
150105,584npgabu1,2024-2026,2024-04-01,Active
150106,584npgabu1,2024-2026,2024-04-01,Active
150107,584npgabu1,2024-2026,2024-04-01,Active
150108,584npgabu1,2024-2026,2024-04-01,Active
150109,584npgabu1,2024-2026,2024-04-01,Active
150110,584npgabu1,2024-2026,2024-04-01,Active
150111,584npgabu1,2024-2026,2024-04-01,Active
150112,584npgabu1,2024-2026,2024-04-01,Active
150113,584npgabu1,2024-2026,2024-04-01,Active
150114,584npgabu1,2024-2026,2024-04-01,Active
150115,584npgabu1,2024-2026,2024-04-01,Active
150116,584npgabu1,2024-2026,2024-04-01,Active
150117,584npgabu1,2024-2026,2024-04-01,Active
150118,584npgabu1,2024-2026,2024-04-01,Active
150119,584npgabu1,2024-2026,2024-04-01,Active
150120,584npgabu1,2024-2026,2024-04-01,Active
150121,584npgabu1,2024-2026,2024-04-01,Active
150122,584npgabu1,2024-2026,2024-04-01,Active
150123,584npgabu1,2024-2026,2024-04-01,Active
150124,584npgabu1,2024-2026,2024-04-01,Active
150125,584npgabu1,2024-2026,2024-04-01,Active
150126,584npgabu1,2024-2026,2024-04-01,Active
150127,584npgabu1,2024-2026,2024-04-01,Active
150128,584npgabu1,2024-2026,2024-04-01,Active
150129,584npgabu1,2024-2026,2024-04-01,Active
150130,584npgabu1,2024-2026,2024-04-01,Active
150131,584npgabu1,2024-2026,2024-04-01,Active
150132,584npgabu1,2024-2026,2024-04-01,Active
150133,584npgabu1,2024-2026,2024-04-01,Active
150134,584npgabu1,2024-2026,2024-04-01,Active
150135,584npgabu1,2024-2026,2024-04-01,Active
150136,584npgabu1,2024-2026,2024-04-01,Active
150137,584npgabu1,2024-2026,2024-04-01,Active
150138,584npgabu1,2024-2026,2024-04-01,Active
150139,584npgabu1,2024-2026,2024-04-01,Active
150140,584npgabu1,2024-2026,2024-04-01,Active
150141,584npgabu1,2024-2026,2024-04-01,Active
150142,584npgabu1,2024-2026,2024-04-01,Active
150143,584npgabu1,2024-2026,2024-04-01,Active
150144,584npgabu1,2024-2026,2024-04-01,Active
150145,584npgabu1,2024-2026,2024-04-01,Active
150146,584npgabu1,2024-2026,2024-04-01,Active
150147,584npgabu1,2024-2026,2024-04-01,Active
150148,584npgabu1,2024-2026,2024-04-01,Active
150149,584npgabu1,2024-2026,2024-04-01,Active
150150,584npgabu1,2024-2026,2024-04-01,Active
150151,584npgabu1,2024-2026,2024-04-01,Active
150152,584npgabu1,2024-2026,2024-04-01,Active
150153,584npgabu1,2024-2026,2024-04-01,Active
150154,584npgabu1,2024-2026,2024-04-01,Active
150155,584npgabu1,2024-2026,2024-04-01,Active
150156,584npgabu1,2024-2026,2024-04-01,Active
150157,584npgabu1,2024-2026,2024-04-01,Active
150158,584npgabu1,2024-2026,2024-04-01,Active
150159,584npgabu1,2024-2026,2024-04-01,Active
150160,584npgabu1,2024-2026,2024-04-01,Active
150161,6n39surn5v,2024-2026,2024-04-01,Active
150162,6n39surn5v,2024-2026,2024-04-01,Active
150163,6n39surn5v,2024-2026,2024-04-01,Active
150164,6n39surn5v,2024-2026,2024-04-01,Active
150165,6n39surn5v,2024-2026,2024-04-01,Active
150166,6n39surn5v,2024-2026,2024-04-01,Active
150167,6n39surn5v,2024-2026,2024-04-01,Active
150168,6n39surn5v,2024-2026,2024-04-01,Active
150169,6n39surn5v,2024-2026,2024-04-01,Active
150170,6n39surn5v,2024-2026,2024-04-01,Active
150171,6n39surn5v,2024-2026,2024-04-01,Active
150172,6n39surn5v,2024-2026,2024-04-01,Active
150173,6n39surn5v,2024-2026,2024-04-01,Active
150174,6n39surn5v,2024-2026,2024-04-01,Active
150175,6n39surn5v,2024-2026,2024-04-01,Active
150176,6n39surn5v,2024-2026,2024-04-01,Active
150177,6n39surn5v,2024-2026,2024-04-01,Active
150178,6n39surn5v,2024-2026,2024-04-01,Active
150179,6n39surn5v,2024-2026,2024-04-01,Active
150180,6n39surn5v,2024-2026,2024-04-01,Active
150181,6n39surn5v,2024-2026,2024-04-01,Active
150182,6n39surn5v,2024-2026,2024-04-01,Active
150183,6n39surn5v,2024-2026,2024-04-01,Active
150184,6n39surn5v,2024-2026,2024-04-01,Active
150185,6n39surn5v,2024-2026,2024-04-01,Active
150186,6n39surn5v,2024-2026,2024-04-01,Active
150187,6n39surn5v,2024-2026,2024-04-01,Active
150188,6n39surn5v,2024-2026,2024-04-01,Active
150189,6n39surn5v,2024-2026,2024-04-01,Active
150190,6n39surn5v,2024-2026,2024-04-01,Active
150191,6n39surn5v,2024-2026,2024-04-01,Active
150192,6n39surn5v,2024-2026,2024-04-01,Active
150193,6n39surn5v,2024-2026,2024-04-01,Active
150194,6n39surn5v,2024-2026,2024-04-01,Active
150195,6n39surn5v,2024-2026,2024-04-01,Active
150196,6n39surn5v,2024-2026,2024-04-01,Active
150197,6n39surn5v,2024-2026,2024-04-01,Active
150198,6n39surn5v,2024-2026,2024-04-01,Active
150199,6n39surn5v,2024-2026,2024-04-01,Active
150200,6n39surn5v,2024-2026,2024-04-01,Active
150201,6n39surn5v,2024-2026,2024-04-01,Active
150202,6n39surn5v,2024-2026,2024-04-01,Active
150203,6n39surn5v,2024-2026,2024-04-01,Active
150204,6n39surn5v,2024-2026,2024-04-01,Active
150205,6n39surn5v,2024-2026,2024-04-01,Active
150206,6n39surn5v,2024-2026,2024-04-01,Active
150207,6n39surn5v,2024-2026,2024-04-01,Active
150208,6n39surn5v,2024-2026,2024-04-01,Active
150209,6n39surn5v,2024-2026,2024-04-01,Active
150210,6n39surn5v,2024-2026,2024-04-01,Active
150211,6n39surn5v,2024-2026,2024-04-01,Active
150212,6n39surn5v,2024-2026,2024-04-01,Active
150213,6n39surn5v,2024-2026,2024-04-01,Active
150214,6n39surn5v,2024-2026,2024-04-01,Active
150215,6n39surn5v,2024-2026,2024-04-01,Active
150216,6n39surn5v,2024-2026,2024-04-01,Active
150217,6n39surn5v,2024-2026,2024-04-01,Active
150218,6n39surn5v,2024-2026,2024-04-01,Active
150219,6n39surn5v,2024-2026,2024-04-01,Active
150220,6n39surn5v,2024-2026,2024-04-01,Active
150221,6n39surn5v,2024-2026,2024-04-01,Active
150222,6n39surn5v,2024-2026,2024-04-01,Active
150223,6n39surn5v,2024-2026,2024-04-01,Active
150224,6n39surn5v,2024-2026,2024-04-01,Active
150225,6n39surn5v,2024-2026,2024-04-01,Active
150226,6n39surn5v,2024-2026,2024-04-01,Active
150227,6n39surn5v,2024-2026,2024-04-01,Active
150228,6n39surn5v,2024-2026,2024-04-01,Active
150229,6n39surn5v,2024-2026,2024-04-01,Active
150230,6n39surn5v,2024-2026,2024-04-01,Active
150231,6n39surn5v,2024-2026,2024-04-01,Active
150232,6n39surn5v,2024-2026,2024-04-01,Active
150233,6n39surn5v,2024-2026,2024-04-01,Active
150234,6n39surn5v,2024-2026,2024-04-01,Active
150235,6n39surn5v,2024-2026,2024-04-01,Active
150236,6n39surn5v,2024-2026,2024-04-01,Active
150237,6n39surn5v,2024-2026,2024-04-01,Active
150238,6n39surn5v,2024-2026,2024-04-01,Active
150239,6n39surn5v,2024-2026,2024-04-01,Active
150240,6n39surn5v,2024-2026,2024-04-01,Active
150241,6n39surn5v,2024-2026,2024-04-01,Active
150242,6n39surn5v,2024-2026,2024-04-01,Active
150243,6n39surn5v,2024-2026,2024-04-01,Active
150244,6n39surn5v,2024-2026,2024-04-01,Active
150245,6n39surn5v,2024-2026,2024-04-01,Active
150246,6n39surn5v,2024-2026,2024-04-01,Active
150247,6n39surn5v,2024-2026,2024-04-01,Active
150248,6n39surn5v,2024-2026,2024-04-01,Active
150249,6n39surn5v,2024-2026,2024-04-01,Active
150250,6n39surn5v,2024-2026,2024-04-01,Active
150251,6n39surn5v,2024-2026,2024-04-01,Active
150252,6n39surn5v,2024-2026,2024-04-01,Active
150253,6n39surn5v,2024-2026,2024-04-01,Active
150254,6n39surn5v,2024-2026,2024-04-01,Active
150255,6n39surn5v,2024-2026,2024-04-01,Active
150256,6n39surn5v,2024-2026,2024-04-01,Active
150257,6n39surn5v,2024-2026,2024-04-01,Active
150258,6n39surn5v,2024-2026,2024-04-01,Active
150259,6n39surn5v,2024-2026,2024-04-01,Active
150260,6n39surn5v,2024-2026,2024-04-01,Active
150261,6n39surn5v,2024-2026,2024-04-01,Active
150262,6n39surn5v,2024-2026,2024-04-01,Active
150263,6n39surn5v,2024-2026,2024-04-01,Active
150264,6n39surn5v,2024-2026,2024-04-01,Active
150265,6n39surn5v,2024-2026,2024-04-01,Active
150266,6n39surn5v,2024-2026,2024-04-01,Active
150267,6n39surn5v,2024-2026,2024-04-01,Active
150268,6n39surn5v,2024-2026,2024-04-01,Active
150269,6n39surn5v,2024-2026,2024-04-01,Active
150270,6n39surn5v,2024-2026,2024-04-01,Active
150271,6n39surn5v,2024-2026,2024-04-01,Active
150272,6n39surn5v,2024-2026,2024-04-01,Active
150273,6n39surn5v,2024-2026,2024-04-01,Active
150274,6n39surn5v,2024-2026,2024-04-01,Active
150275,6n39surn5v,2024-2026,2024-04-01,Active
150276,6n39surn5v,2024-2026,2024-04-01,Active
150277,6n39surn5v,2024-2026,2024-04-01,Active
150278,6n39surn5v,2024-2026,2024-04-01,Active
150279,6n39surn5v,2024-2026,2024-04-01,Active
150280,6n39surn5v,2024-2026,2024-04-01,Active
150281,6n39surn5v,2024-2026,2024-04-01,Active
150282,6n39surn5v,2024-2026,2024-04-01,Active
150283,6n39surn5v,2024-2026,2024-04-01,Active
150284,6n39surn5v,2024-2026,2024-04-01,Active
150285,6n39surn5v,2024-2026,2024-04-01,Active
150286,6n39surn5v,2024-2026,2024-04-01,Active
150287,6n39surn5v,2024-2026,2024-04-01,Active
150288,6n39surn5v,2024-2026,2024-04-01,Active
150289,6n39surn5v,2024-2026,2024-04-01,Active
150290,6n39surn5v,2024-2026,2024-04-01,Active
150291,6n39surn5v,2024-2026,2024-04-01,Active
150292,6n39surn5v,2024-2026,2024-04-01,Active
150293,6n39surn5v,2024-2026,2024-04-01,Active
150294,6n39surn5v,2024-2026,2024-04-01,Active
150295,6n39surn5v,2024-2026,2024-04-01,Active
150296,6n39surn5v,2024-2026,2024-04-01,Active
150297,6n39surn5v,2024-2026,2024-04-01,Active
150298,6n39surn5v,2024-2026,2024-04-01,Active
150299,6n39surn5v,2024-2026,2024-04-01,Active
150300,6n39surn5v,2024-2026,2024-04-01,Active
150301,6n39surn5v,2024-2026,2024-04-01,Active
150302,6n39surn5v,2024-2026,2024-04-01,Active
150303,6n39surn5v,2024-2026,2024-04-01,Active
150304,6n39surn5v,2024-2026,2024-04-01,Active
150305,6n39surn5v,2024-2026,2024-04-01,Active
150306,6n39surn5v,2024-2026,2024-04-01,Active
150307,6n39surn5v,2024-2026,2024-04-01,Active
150308,6n39surn5v,2024-2026,2024-04-01,Active
150309,6n39surn5v,2024-2026,2024-04-01,Active
150310,6n39surn5v,2024-2026,2024-04-01,Active
150311,6n39surn5v,2024-2026,2024-04-01,Active
150312,6n39surn5v,2024-2026,2024-04-01,Active
150313,6n39surn5v,2024-2026,2024-04-01,Active
150314,6n39surn5v,2024-2026,2024-04-01,Active
150315,6n39surn5v,2024-2026,2024-04-01,Active
150316,6n39surn5v,2024-2026,2024-04-01,Active
150317,6n39surn5v,2024-2026,2024-04-01,Active
150318,6n39surn5v,2024-2026,2024-04-01,Active
150319,6n39surn5v,2024-2026,2024-04-01,Active
160001,5m99fk1nj7,2025-2026,2025-04-01,Active
160002,5m99fk1nj7,2025-2026,2025-04-01,Active
160003,5m99fk1nj7,2025-2026,2025-04-01,Active
160004,5m99fk1nj7,2025-2026,2025-04-01,Active
160005,5m99fk1nj7,2025-2026,2025-04-01,Active
160006,5m99fk1nj7,2025-2026,2025-04-01,Active
160007,5m99fk1nj7,2025-2026,2025-04-01,Active
160008,5m99fk1nj7,2025-2026,2025-04-01,Active
160009,5m99fk1nj7,2025-2026,2025-04-01,Active
160010,5m99fk1nj7,2025-2026,2025-04-01,Active
160011,5m99fk1nj7,2025-2026,2025-04-01,Active
160012,5m99fk1nj7,2025-2026,2025-04-01,Active
160013,5m99fk1nj7,2025-2026,2025-04-01,Active
160014,5m99fk1nj7,2025-2026,2025-04-01,Active
160015,5m99fk1nj7,2025-2026,2025-04-01,Active
160016,5m99fk1nj7,2025-2026,2025-04-01,Active
160017,5m99fk1nj7,2025-2026,2025-04-01,Active
160018,5m99fk1nj7,2025-2026,2025-04-01,Active
160019,5m99fk1nj7,2025-2026,2025-04-01,Active
160020,5m99fk1nj7,2025-2026,2025-04-01,Active
160021,5m99fk1nj7,2025-2026,2025-04-01,Active
160022,5m99fk1nj7,2025-2026,2025-04-01,Active
160023,5m99fk1nj7,2025-2026,2025-04-01,Active
160024,5m99fk1nj7,2025-2026,2025-04-01,Active
160025,5m99fk1nj7,2025-2026,2025-04-01,Active
160026,5m99fk1nj7,2025-2026,2025-04-01,Active
160027,5m99fk1nj7,2025-2026,2025-04-01,Active
160028,5m99fk1nj7,2025-2026,2025-04-01,Active
160029,5m99fk1nj7,2025-2026,2025-04-01,Active
160030,5m99fk1nj7,2025-2026,2025-04-01,Active
160031,5m99fk1nj7,2025-2026,2025-04-01,Active
160032,5m99fk1nj7,2025-2026,2025-04-01,Active
160033,5m99fk1nj7,2025-2026,2025-04-01,Active
160034,5m99fk1nj7,2025-2026,2025-04-01,Active
160035,5m99fk1nj7,2025-2026,2025-04-01,Active
160036,5m99fk1nj7,2025-2026,2025-04-01,Active
160037,5m99fk1nj7,2025-2026,2025-04-01,Active
160038,5m99fk1nj7,2025-2026,2025-04-01,Active
160039,5m99fk1nj7,2025-2026,2025-04-01,Active
160040,5m99fk1nj7,2025-2026,2025-04-01,Active
160041,5m99fk1nj7,2025-2026,2025-04-01,Active
160042,5m99fk1nj7,2025-2026,2025-04-01,Active
160043,5m99fk1nj7,2025-2026,2025-04-01,Active
160044,5m99fk1nj7,2025-2026,2025-04-01,Active
160045,5m99fk1nj7,2025-2026,2025-04-01,Active
160046,5m99fk1nj7,2025-2026,2025-04-01,Active
160047,5m99fk1nj7,2025-2026,2025-04-01,Active
160048,5m99fk1nj7,2025-2026,2025-04-01,Active
160049,5m99fk1nj7,2025-2026,2025-04-01,Active
160050,5m99fk1nj7,2025-2026,2025-04-01,Active
160051,5m99fk1nj7,2025-2026,2025-04-01,Active
160052,5m99fk1nj7,2025-2026,2025-04-01,Active
160053,5m99fk1nj7,2025-2026,2025-04-01,Active
160054,5m99fk1nj7,2025-2026,2025-04-01,Active
160055,5m99fk1nj7,2025-2026,2025-04-01,Active
160056,5m99fk1nj7,2025-2026,2025-04-01,Active
160057,5m99fk1nj7,2025-2026,2025-04-01,Active
160058,5m99fk1nj7,2025-2026,2025-04-01,Active
